order_volume,execution_time_seconds,throughput_ops_per_second
1000,0.001306,1174354.07
5000,0.006335,1210252.43
10000,0.013458,1139438.97
50000,0.075911,1009953.48
100000,0.166785,919351.95
200000,0.397524,771443.38
