order_volume,execution_time_seconds,throughput_ops_per_second
1000,0.003365,455931.43
5000,0.018418,416282.26
10000,0.022337,686497.12
50000,0.086926,881975.84
100000,0.199697,767831.50
200000,0.473948,647047.32
