order_volume,execution_time_seconds,throughput_ops_per_second
1000,0.003814,402241.96
5000,0.016033,478191.28
10000,0.020522,747182.98
50000,0.078488,976796.94
100000,0.165906,924224.94
200000,0.446526,686783.43
